alpha,sigma,epsilon,gpu_mean,gpu_std,gpu_median,gpu_conv_mean,gpu_conv_std,cpu_mean,cpu_std,cpu_median,cpu_conv_mean,cpu_conv_std,delta_mean,delta_conv,gpu_rank,cpu_rank,p_value,cohens_d,abs_delta
-0.8,0.8,0.0,-1.9401539822419485,1.0659125609270728,-1.7031646966934204,1196.6666666666667,18.257418583505533,-1.9306721458832423,1.4883816980051352,-1.4825701713562012,1200.0,0.0,-0.009481836358706142,-3.3333333333332575,20.0,4.0,0.43764133504824576,-0.007449939250768389,0.009481836358706142
-0.8,0.8,0.25,-1.6870926817258198,0.9581182368171275,-1.3427926301956177,1200.0,0.0,-1.7393191188573838,1.3007082049749767,-1.4951741695404053,1200.0,0.0,0.05222643713156394,0.0,28.0,12.0,0.6308762921617199,0.046500831342993855,0.05222643713156394
-0.4,0.4,0.0,-0.8902861177921295,0.34221069275907556,-0.7694538831710815,1200.0,0.0,-0.8317583262920379,0.4388723961376669,-0.6806400716304779,1200.0,0.0,-0.058527791500091575,0.0,52.0,43.0,0.27718918977304785,-0.15127116234379642,0.058527791500091575
-0.8,0.2,0.0,-0.4475487217307091,0.2862055804229264,-0.3632653802633285,1200.0,0.0,-0.3633878752589226,0.2426450521552577,-0.2888966053724289,1200.0,0.0,-0.08416084647178651,0.0,64.0,59.0,0.20094889697592833,-0.3226267865158763,0.08416084647178651
-0.8,0.2,0.75,-0.4845652118325233,0.2820391219331936,-0.43751847743988037,1200.0,0.0,-0.3749983544150988,0.2531313373747363,-0.346622109413147,1200.0,0.0,-0.1095668574174245,0.0,60.0,58.0,0.09626283103615173,-0.4158589394805679,0.1095668574174245
-0.4,0.2,0.5,-0.44705734252929685,0.14595639284187817,-0.4038464576005935,1200.0,0.0,-0.3297193308671315,0.15920915255407503,-0.33838844299316406,1200.0,0.0,-0.11733801166216534,0.0,65.0,60.0,0.005828168439115262,-0.7814221124309153,0.11733801166216534
-0.8,0.2,0.5,-0.6004415897031625,0.40140070739899125,-0.4848654568195343,1200.0,0.0,-0.46768578539292016,0.38289851233162153,-0.32582996785640717,1200.0,0.0,-0.13275580431024236,0.0,56.0,56.0,0.09925760823982568,-0.3442251085986769,0.13275580431024236
-0.4,0.2,0.25,-0.45275417317946753,0.1757828523386535,-0.4402056783437729,1200.0,0.0,-0.3066388934850693,0.1158854765063611,-0.30178575217723846,1200.0,0.0,-0.14611527969439825,0.0,63.0,64.0,0.0004713751442131583,-0.9982240388318558,0.14611527969439825
-0.8,0.2,1.0,-0.5340266664822896,0.2262276140088825,-0.549269288778305,1200.0,0.0,-0.38436619689067203,0.32880986582308513,-0.3176307678222656,1200.0,0.0,-0.14966046959161755,0.0,58.0,57.0,0.0035011673538548815,-0.5393651064703486,0.14966046959161755
0.0,0.2,0.75,-0.822921535372734,0.3260650759887215,-0.7468579709529877,1200.0,0.0,-0.6650553407768408,0.31207478561637675,-0.6440029442310333,1200.0,0.0,-0.15786619459589324,0.0,54.0,48.0,0.051877131053959046,-0.5031072150443566,0.15786619459589324
-0.4,0.2,0.75,-0.475250776608785,0.1410426388197104,-0.44745115935802454,1200.0,0.0,-0.3157659324506918,0.1684021514163199,-0.29658785462379456,1200.0,0.0,-0.15948484415809322,0.0,62.0,62.0,3.368139881244577e-05,-1.0443281566538722,0.15948484415809322
-0.4,0.2,0.0,-0.4839105968674024,0.1875926417468317,-0.4281044006347656,1200.0,0.0,-0.3130623109638691,0.16521737078631915,-0.27800847589969635,1200.0,0.0,-0.1708482859035333,0.0,61.0,63.0,0.0001324951052218608,-0.9830819184036447,0.1708482859035333
-0.8,0.4,0.0,-0.9333418041467667,0.46798874322823125,-0.853386789560318,1200.0,0.0,-0.7475739533702532,0.6393714977621405,-0.6444707810878754,1200.0,0.0,-0.18576785077651348,0.0,49.0,46.0,0.051877131053959046,-0.33723549894640326,0.18576785077651348
-0.8,0.4,0.25,-0.9932168970505396,0.48538355735306893,-0.8285806179046631,1200.0,0.0,-0.8050917004545529,0.6570750055125224,-0.7135714888572693,1200.0,0.0,-0.1881251965959867,0.0,46.0,44.0,0.07978164712498097,-0.33124433945217363,0.1881251965959867
0.0,0.4,0.5,-1.4704186081886292,0.41958854049956246,-1.440872609615326,1200.0,0.0,-1.2808353384335835,0.4950805983059344,-1.2460219860076904,1200.0,0.0,-0.1895832697550457,0.0,37.0,25.0,0.061451911011256986,-0.42019745357716337,0.1895832697550457
-0.4,0.4,0.25,-0.8483230779568355,0.26271445228308354,-0.7599934339523315,1200.0,0.0,-0.6273403828342755,0.28211495913852197,-0.6011693477630615,1200.0,0.0,-0.22098269512255997,0.0,53.0,49.0,0.0010575543184782395,-0.8245446663716984,0.22098269512255997
-0.4,0.2,1.0,-0.5331904898087184,0.1836737578237359,-0.48832283914089203,1200.0,0.0,-0.30343791246414187,0.13198524143443977,-0.27948807179927826,1200.0,0.0,-0.22975257734457655,0.0,59.0,65.0,1.2860392091779297e-06,-1.4611273773242035,0.22975257734457655
0.0,0.2,0.0,-0.822686376174291,0.3222455193702368,-0.7424776554107666,1200.0,0.0,-0.5922881186008453,0.29537667247545535,-0.4710603654384613,1200.0,0.0,-0.23039825757344568,0.0,55.0,54.0,0.0018574800226340267,-0.7581189350475318,0.23039825757344568
-0.8,1.0,0.0,-2.3738684515158335,1.7731885335316941,-1.9080423712730408,1200.0,0.0,-2.1353073368469873,1.695989906671573,-1.5770480036735535,1193.3333333333333,36.51483716701111,-0.23856111466884622,6.6666666666667425,12.0,1.0,0.4464194359599726,-0.13984828331866087,0.23856111466884622
-0.4,0.8,0.0,-1.6789457897345226,0.5355314662147991,-1.619500458240509,1200.0,0.0,-1.4231209953625996,0.6543318961784449,-1.3131301403045654,1200.0,0.0,-0.25582479437192296,0.0,29.0,23.0,0.0435835477758183,-0.43519429336189636,0.25582479437192296
-0.8,0.2,0.25,-0.5978434960047404,0.3325251973413132,-0.5022484958171844,1200.0,0.0,-0.32754503885904945,0.2703037842722555,-0.2538407891988754,1200.0,0.0,-0.27029845714569095,0.0,57.0,61.0,0.0001324951052218608,-0.9072770590931776,0.27029845714569095
-0.8,0.6,0.25,-1.409038112560908,0.7540310751074474,-1.1674017310142517,1200.0,0.0,-1.131030455728372,0.6086958818847211,-0.973981648683548,1200.0,0.0,-0.27800765683253603,0.0,39.0,32.0,0.1579756891505133,-0.4126516461904349,0.27800765683253603
-0.4,0.4,0.5,-1.0110647141933442,0.30568882649009155,-0.983849048614502,1200.0,0.0,-0.7084977050622304,0.31975879799762946,-0.6652866899967194,1200.0,0.0,-0.3025670091311138,0.0,45.0,47.0,0.0002388484570697063,-0.9838126140769008,0.3025670091311138
0.0,0.4,0.25,-1.5522687176863352,0.686652665554325,-1.310866355895996,1200.0,0.0,-1.2478635688622792,0.528068883225208,-1.1504932641983032,1200.0,0.0,-0.304405148824056,0.0,33.0,27.0,0.08235717088238616,-0.5054719654267128,0.304405148824056
0.0,0.2,0.5,-0.9304555982351304,0.41694526001624377,-0.8931844234466553,1200.0,0.0,-0.619325848420461,0.2337407758581392,-0.6167815923690796,1200.0,0.0,-0.31112974981466934,0.0,50.0,50.0,0.0024993923272276816,-0.936258722106144,0.31112974981466934
-0.8,0.8,0.5,-1.7583949287732443,0.7531157453010072,-1.7508558630943298,1200.0,0.0,-1.445735680560271,0.7934370498080666,-1.4700109958648682,1200.0,0.0,-0.3126592482129733,0.0,26.0,21.0,0.09925760823982568,-0.4111029570901369,0.3126592482129733
-0.4,0.6,0.0,-1.318553626537323,0.4075357333600176,-1.2894929647445679,1200.0,0.0,-0.9831774274508158,0.44398636931100643,-0.8449986577033997,1200.0,0.0,-0.3353761990865072,0.0,42.0,36.0,0.0013016645094378993,-0.8004429843133303,0.3353761990865072
0.0,0.6,0.0,-2.2006020108858744,0.7544165856836382,-2.2442922592163086,1193.3333333333333,36.51483716701111,-1.8634217858314515,0.6607395988559549,-1.6990297436714172,1200.0,0.0,-0.3371802250544229,-6.6666666666667425,18.0,6.0,0.0435835477758183,-0.4836151746682949,0.3371802250544229
0.0,0.2,0.25,-0.9474410345156987,0.469198600163772,-0.7997380197048187,1200.0,0.0,-0.6098095188538234,0.25639453312749333,-0.5668008625507355,1200.0,0.0,-0.3376315156618753,0.0,48.0,52.0,0.0030339475794426483,-0.9082879512527147,0.3376315156618753
-0.4,0.8,0.5,-1.8438723901907603,0.5843018766389686,-1.7210865020751953,1200.0,0.0,-1.4900429844856262,0.6057622930185103,-1.4562022686004639,1200.0,0.0,-0.3538294057051341,0.0,23.0,19.0,0.026077477308078682,-0.6047063999427955,0.3538294057051341
-0.4,0.4,0.75,-0.9106728394826253,0.3553060182736459,-0.8268325924873352,1200.0,0.0,-0.5427803208430608,0.23645657786726107,-0.528862476348877,1200.0,0.0,-0.3678925186395645,0.0,51.0,55.0,2.2780239117599316e-05,-1.2398756502136232,0.3678925186395645
-0.8,0.4,0.5,-1.1301103125015894,0.7774756893318462,-0.9308716654777527,1200.0,0.0,-0.7577147041757901,0.5386756868442977,-0.6433464586734772,1200.0,0.0,-0.3723956083257993,0.0,43.0,45.0,0.009468269708615267,-0.5663136566976801,0.3723956083257993
-0.8,0.4,0.75,-1.3185556828975677,0.7635947204471446,-1.0250474214553833,1200.0,0.0,-0.9415746440490087,0.6323400878210712,-0.8092660903930664,1200.0,0.0,-0.37698103884855905,0.0,41.0,39.0,0.03778201789416722,-0.5469336482581275,0.37698103884855905
0.0,0.2,1.0,-0.9879949013392131,0.36742038036221125,-0.9689919352531433,1200.0,0.0,-0.5925309052069981,0.2395036360520056,-0.567629337310791,1200.0,0.0,-0.39546399613221495,0.0,47.0,53.0,1.336676003162719e-05,-1.2969597552745773,0.39546399613221495
-0.8,0.6,0.0,-1.3608327150344848,0.6712636560233508,-1.2283596396446228,1200.0,0.0,-0.9579061816136042,0.7514569454912713,-0.7394804358482361,1200.0,0.0,-0.4029265334208806,0.0,40.0,38.0,0.007617064306244218,-0.5751869934379883,0.4029265334208806
0.0,0.4,0.0,-1.5759017705917358,0.48579977222919957,-1.462313175201416,1188.3333333333333,44.881709148515675,-1.168406331539154,0.389920649276793,-1.0370728969573975,1200.0,0.0,-0.4074954390525818,-11.666666666666742,32.0,28.0,0.0009520740392726185,-0.9409388335545154,0.4074954390525818
-0.8,0.8,0.75,-2.2577592472235364,1.4490179539200203,-1.9822899103164675,1200.0,0.0,-1.8278691942493122,1.296633710684472,-1.5111183524131775,1200.0,0.0,-0.4298900529742242,0.0,15.0,8.0,0.14531912724086543,-0.31800630981961125,0.4298900529742242
-0.4,0.4,1.0,-1.0466928919156393,0.3421450909614503,-0.9857162237167358,1200.0,0.0,-0.6098450049757957,0.24478457212056096,-0.5842287838459015,1200.0,0.0,-0.43684788693984355,0.0,44.0,51.0,1.860848389843697e-06,-1.4936243875924358,0.43684788693984355
-0.8,0.4,1.0,-1.419190267721812,1.0903866105115811,-1.0292139649391174,1200.0,0.0,-0.9641008213162422,0.7317076662268527,-0.6658001244068146,1200.0,0.0,-0.4550894464055698,0.0,38.0,37.0,0.026077477308078682,-0.4984964344750864,0.4550894464055698
-0.4,0.8,1.0,-1.9422142227490744,0.7720673161863031,-1.8916056752204895,1200.0,0.0,-1.470709490776062,0.7490344580635461,-1.213212013244629,1200.0,0.0,-0.47150473197301235,0.0,19.0,20.0,0.015014132798189755,-0.6304775451279843,0.47150473197301235
0.0,0.4,1.0,-1.6651748816172283,0.6181531093433221,-1.6479912996292114,1200.0,0.0,-1.1477344969908396,0.4273958495538458,-1.0831518769264221,1200.0,0.0,-0.5174403846263886,0.0,30.0,30.0,0.0010035319761388477,-0.9903691615152692,0.5174403846263886
-0.4,1.0,0.5,-2.245287624994914,0.6938817563335684,-2.1381547451019287,1200.0,0.0,-1.698008280992508,0.6889590489622359,-1.575484037399292,1200.0,0.0,-0.547279344002406,0.0,16.0,13.0,0.004427193167173018,-0.8050553542983749,0.547279344002406
0.0,0.4,0.75,-1.9124522765477499,0.7148010734297429,-1.8680944442749023,1200.0,0.0,-1.3548545549313227,0.6286426234606747,-1.2284440994262695,1200.0,0.0,-0.5575977216164272,0.0,21.0,24.0,0.0019526766739305424,-0.8425619712837441,0.5575977216164272
-0.4,0.6,0.25,-1.47080357670784,0.5726279344447037,-1.3866410851478577,1200.0,0.0,-0.9040250316262245,0.429151467794586,-0.8330569565296173,1200.0,0.0,-0.5667785450816155,0.0,36.0,41.0,6.765008246371499e-05,-1.139262437294714,0.5667785450816155
0.0,0.6,0.5,-2.346044381459554,0.8221587598036387,-2.159789800643921,1200.0,0.0,-1.7778852820396422,0.555868439762258,-1.7859978079795837,1200.0,0.0,-0.5681590994199119,0.0,14.0,11.0,0.0066688764888895,-0.8234606731557392,0.5681590994199119
-0.8,0.6,0.75,-1.8300978660583496,0.932751140982655,-1.6359728574752808,1200.0,0.0,-1.2606137568751972,0.9276412806454839,-1.0922406911849976,1200.0,0.0,-0.5694841091831524,0.0,25.0,26.0,0.015014132798189755,-0.6226830360299213,0.5694841091831524
-0.8,0.6,1.0,-1.6570395608743032,0.8431276016853936,-1.3503427505493164,1200.0,0.0,-1.0829055950045585,0.8459511775232744,-0.814475953578949,1200.0,0.0,-0.5741339658697446,0.0,31.0,33.0,0.0020523338723804135,-0.6914397646154589,0.5741339658697446
-0.4,0.6,0.5,-1.5320656756560007,0.574378964916703,-1.5105568766593933,1200.0,0.0,-0.9291405459245046,0.51681688516129,-0.7648050785064697,1200.0,0.0,-0.6029251297314961,0.0,34.0,40.0,4.638965975341988e-05,-1.122403173282721,0.6029251297314961
-0.4,1.0,0.75,-2.39092276096344,0.7237753426682936,-2.212138056755066,1200.0,0.0,-1.785873152812322,0.8969863523622865,-1.5434845685958862,1200.0,0.0,-0.6050496081511181,0.0,11.0,10.0,0.0004713751442131583,-0.7550877290538024,0.6050496081511181
-0.4,0.6,0.75,-1.4849436362584432,0.4275766867184012,-1.5015209317207336,1200.0,0.0,-0.8756856133540472,0.2925666359971251,-0.8085685670375824,1200.0,0.0,-0.609258022904396,0.0,35.0,42.0,3.520057626068007e-07,-1.69150320831193,0.609258022904396
-0.4,1.0,0.0,-2.3552444140116373,0.8584501717997877,-2.112744927406311,1196.6666666666667,18.257418583505544,-1.6880892078081766,0.8645029964275348,-1.4593847393989563,1193.3333333333333,36.51483716701111,-0.6671552062034607,3.333333333333485,13.0,14.0,0.0026242800643638355,-0.7876664556863046,0.6671552062034607
-0.8,0.6,0.5,-1.7028748532136282,1.1102948799263666,-1.2981001734733582,1200.0,0.0,-1.0270783831675847,0.6978806139305204,-0.9121647775173187,1200.0,0.0,-0.6757964700460435,0.0,27.0,34.0,0.005569938587360544,-0.7412327062601305,0.6757964700460435
0.0,0.6,1.0,-2.556054162979126,0.7219811204382591,-2.5531708002090454,1200.0,0.0,-1.8238455812136332,0.6315291266364099,-1.7788759469985962,1200.0,0.0,-0.7322085817654926,0.0,8.0,9.0,6.765008246371499e-05,-1.0979872132120037,0.7322085817654926
-0.4,0.8,0.25,-1.9046916723251344,0.4980354394117688,-1.828546166419983,1200.0,0.0,-1.1408628274997075,0.6200959320286041,-1.0214455127716064,1200.0,0.0,-0.7638288448254269,0.0,22.0,31.0,4.420496863208284e-06,-1.3814094230913156,0.7638288448254269
0.0,0.6,0.25,-2.6420422633488974,1.1315154982925133,-2.4082154035568237,1195.0,27.38612787525827,-1.8316200435161591,0.7158630022783783,-1.8774807453155518,1200.0,0.0,-0.8104222198327382,-5.0,6.0,7.0,0.0016797555161960338,-0.8706098960869697,0.8104222198327382
-0.8,1.0,0.75,-2.9009217818578086,1.0840444922198202,-2.7302262783050537,1200.0,0.0,-2.0879620308677356,2.0255549502805867,-1.4224944114685059,1200.0,0.0,-0.812959750990073,0.0,3.0,2.0,0.0004459191206574567,-0.5089908043148927,0.812959750990073
-0.4,0.6,1.0,-1.8366686622301738,0.663923882755883,-1.7180421352386475,1200.0,0.0,-1.0066379457712173,0.5020761783023223,-0.9228608012199402,1200.0,0.0,-0.8300307164589564,0.0,24.0,35.0,5.599907101277584e-07,-1.4343106264805587,0.8300307164589564
0.0,0.6,0.75,-2.7136978268623353,1.0411081764298136,-2.582746982574463,1200.0,0.0,-1.8819663186868032,0.7661784211277193,-1.859580397605896,1200.0,0.0,-0.8317315081755321,0.0,4.0,5.0,0.0003770395640831686,-0.9255074589905231,0.8317315081755321
-0.4,1.0,1.0,-2.524682597319285,0.8908263577869053,-2.402636170387268,1200.0,0.0,-1.6462781349817912,0.5763539328681404,-1.6431823372840881,1200.0,0.0,-0.8784044623374938,0.0,9.0,16.0,2.2780239117599316e-05,-1.1908282515610003,0.8784044623374938
-0.4,1.0,0.25,-2.4677796840667723,0.7315397237710936,-2.271932601928711,1200.0,0.0,-1.5247064193089803,0.6750542632982742,-1.3488740921020508,1200.0,0.0,-0.943073264757792,0.0,10.0,17.0,4.744496840420642e-06,-1.36275694413781,0.943073264757792
-0.8,1.0,0.5,-2.7054712573687234,1.809458577695118,-2.006552219390869,1200.0,0.0,-1.6557440906763077,1.032251466455122,-1.384267270565033,1200.0,0.0,-1.0497271666924157,0.0,5.0,15.0,0.00485601639666783,-0.7248097685554772,1.0497271666924157
-0.4,0.8,0.75,-2.231031656265259,0.9821644168591543,-1.9244738817214966,1200.0,0.0,-1.1618140359719595,0.4474257709568259,-1.1396872997283936,1200.0,0.0,-1.0692176202932993,0.0,17.0,29.0,5.185675139382169e-07,-1.424984692653566,1.0692176202932993
-0.8,1.0,0.25,-3.057046820720037,1.756585642300799,-3.1522618532180786,1195.0,27.386127875258303,-1.964182256658872,1.1809276214820628,-1.6517435908317566,1200.0,0.0,-1.092864564061165,-5.0,2.0,3.0,0.0162848089481173,-0.7426686397155241,1.092864564061165
-0.8,0.8,1.0,-2.6067717373371124,1.5304566353338243,-2.2997883558273315,1200.0,0.0,-1.49869774132967,1.3169834016113429,-1.292406141757965,1200.0,0.0,-1.1080739960074424,0.0,7.0,18.0,0.0009030694895713402,-0.7893847522014039,1.1080739960074424
-0.8,1.0,1.0,-3.0676100611686707,1.5803464328252241,-2.4215368032455444,1200.0,0.0,-1.4311553843319416,0.9027412836382366,-1.2114546298980713,1200.0,0.0,-1.6364546768367292,0.0,1.0,22.0,4.117756415821909e-06,-1.2933224484065429,1.6364546768367292
